Transaction ID,Date,Customer ID,Gender,Age,Product Category,Quantity,Price per Unit,Total Amount
1,24/11/2023,CUST001,Male,34,Beauty,3,50,150
2,27/2/2023,CUST002,Female,26,Clothing,2,500,1000
3,13/1/2023,CUST003,Male,50,Electronics,1,30,30
4,20/4/2023,CUST004,Female,5,,1,20,20
5,21/5/2023,CUST005,Male,37,Clothing,1,500,500
6,6/5/2023,CUST006,Male,30,Beauty,2,50,100
7,25/4/2023,CUST007,Female,45,Beauty,1,30,30
8,13/3/2023,CUST008,Male,46,Clothing,2,25,50
9,22/2/2023,CUST009,Male,30,Electronics,4,25,100
10,13/12/2023,CUST010,Male,63,Electronics,2,300,600
11,7/10/2023,CUST011,Female,52,Clothing,4,50,200
12,14/2/2023,CUST012,Male,23,Clothing,2,50,100
13,30/10/2023,CUST013,Male,35,Beauty,3,25,75
14,5/8/2023,CUST014,Male,22,Electronics,3,500,1500
15,17/1/2023,CUST015,Male,64,Clothing,4,30,120
16,25/4/2023,CUST016,Male,2,,1,40,40
17,16/1/2023,CUST017,Female,42,Electronics,4,500,2000
18,17/2/2023,CUST018,Male,19,Clothing,3,500,1500
19,22/4/2023,CUST019,Female,27,Clothing,4,25,100
20,30/4/2023,CUST020,Female,47,Electronics,2,25,50
21,16/9/2023,CUST021,Female,62,Clothing,2,25,50
22,5/11/2023,CUST022,Male,22,Clothing,3,300,900
23,14/1/2023,CUST023,Female,50,Beauty,1,500,500
24,15/10/2023,CUST024,Male,18,Clothing,2,50,100
25,12/4/2023,CUST025,Female,35,Clothing,4,30,120
26,29/11/2023,CUST026,Female,49,Clothing,1,300,300
27,26/12/2023,CUST027,Female,64,Beauty,1,50,50
28,7/10/2023,CUST028,Female,28,Electronics,2,500,1000
29,29/10/2023,CUST029,Female,18,Electronics,-2,-20,-40
30,23/5/2023,CUST030,Female,25,Electronics,0,0,0
31,3/8/2023,CUST031,Female,38,Beauty,2,25,50
32,23/4/2023,CUST032,Female,43,Beauty,1,500,500
33,18/8/2023,CUST033,Female,42,Electronics,1,30,30
34,29/10/2023,CUST034,Female,39,Beauty,3,300,900
35,23/5/2023,CUST035,Male,44,Electronics,4,300,1200
36,4/1/2023,CUST036,Male,30,Beauty,3,30,90
37,23/3/2023,CUST037,Female,50,Electronics,2,50,100
38,24/12/2023,CUST038,Female,51,Clothing,3,50,150
39,21/3/2023,CUST039,Female,,Electronics,,,
40,5/8/2023,CUST040,Female,58,Beauty,3,300,900
41,24/6/2023,CUST041,Male,52,Beauty,3,300,900
42,23/5/2023,CUST042,Female,18,Beauty,3,25,75
43,21/3/2023,CUST043,Male,38,Beauty,4,50,200
44,21/4/2023,CUST044,Male,,Electronics,,,
45,21/4/2023,CUST045,Male,23,Clothing,4,30,120
46,22/6/2023,CUST046,Male,45,Beauty,1,50,50
47,22/2/2023,CUST047,Male,34,Clothing,2,25,50
48,17/2/2023,CUST048,Male,22,Clothing,3,300,900
49,14/7/2023,CUST049,Female,48,Clothing,1,300,300
50,19/2/2023,CUST050,Female,22,Clothing,1,25,25
51,3/7/2023,CUST051,Female,55,Electronics,1,30,30
52,26/6/2023,CUST052,Female,20,Electronics,4,300,1200
53,6/11/2023,CUST053,Female,40,Beauty,3,500,1500
54,16/5/2023,CUST054,Male,54,Electronics,3,300,900
55,23/1/2023,CUST055,Female,54,Electronics,2,500,1000
56,10/2/2023,CUST056,,,Beauty,,,
57,24/8/2023,CUST057,Female,27,Beauty,3,25,75
58,2/10/2023,CUST058,Male,27,Beauty,3,25,75
59,5/3/2023,CUST059,Female,36,Beauty,1,300,300
60,13/7/2023,CUST060,Male,34,Electronics,2,50,100
61,23/1/2023,CUST061,,,Beauty,,,
62,10/2/2023,CUST062,Female,38,Electronics,3,500,1500
63,10/10/2023,CUST063,Male,31,Beauty,4,30,120
64,31/5/2023,CUST064,Female,26,Clothing,3,300,900
65,18/11/2023,CUST065,Female,63,Beauty,1,30,30
66,13/11/2023,CUST066,Male,18,Clothing,4,300,1200
67,5/7/2023,CUST067,Male,62,Clothing,1,50,50
68,23/10/2023,CUST068,Male,30,Beauty,3,50,150
69,9/4/2023,CUST069,Male,21,Beauty,4,50,200
70,27/12/2023,CUST070,Male,18,Beauty,2,50,100
71,5/7/2023,CUST071,Female,,Beauty,,,
72,5/2/2023,CUST072,Male,57,Electronics,2,25,50
73,24/1/2023,CUST073,Male,49,Clothing,4,25,100
74,5/12/2023,CUST074,Male,51,Electronics,4,500,2000
75,27/4/2023,CUST075,Female,45,Electronics,1,30,30
76,29/5/2023,CUST076,Female,48,Beauty,4,300,1200
77,10/2/2023,CUST077,Male,25,Electronics,1,300,300
78,30/4/2023,CUST078,Female,56,Beauty,3,25,75
79,23/1/2023,CUST079,Female,,Electronics,,,
80,10/2/2023,CUST080,Male,,Clothing,,,
81,10/10/2023,CUST081,Male,,Clothing,,,
82,21/2/2023,CUST082,Female,43,Clothing,1,300,300
83,14/7/2023,CUST083,Female,51,Beauty,4,25,100
84,21/8/2023,CUST084,,,Clothing,,,
85,23/5/2023,CUST085,Female,20,Electronics,4,500,2000
86,21/8/2023,CUST086,Male,29,Electronics,3,30,90
87,22/11/2023,CUST087,Female,18,Beauty,4,500,2000
88,6/7/2023,CUST088,Male,61,Beauty,4,50,200
89,25/3/2023,CUST089,Female,22,Electronics,2,50,100
90,9/7/2023,CUST090,Female,47,Clothing,2,50,100
91,1/7/2023,CUST091,Female,47,Clothing,3,500,1500
92,18/4/2023,CUST092,Male,34,Beauty,1,300,300
93,10/12/2023,CUST093,Female,64,Clothing,2,30,60
94,17/5/2023,CUST094,Male,40,Electronics,1,50,50
95,26/12/2023,CUST095,Female,32,Beauty,4,50,200
96,16/12/2023,CUST096,Male,54,Electronics,2,50,100
97,28/11/2023,CUST097,Female,38,Electronics,3,30,90
98,6/2/2023,CUST098,Male,31,Clothing,3,50,150
99,8/11/2023,CUST099,Male,19,Beauty,3,30,90
100,22/11/2023,CUST100,Female,28,Beauty,2,50,100
101,29/3/2023,CUST101,Male,56,Clothing,1,500,500
102,1/10/2023,CUST102,Female,55,Electronics,4,500,2000
103,6/5/2023,CUST103,Female,51,Electronics,1,30,30
104,25/3/2023,CUST104,Female,55,Electronics,1,500,500
105,25/8/2023,CUST105,Female,51,Electronics,4,30,120
106,14/7/2023,CUST106,Female,35,Beauty,4,500,2000
107,19/5/2023,CUST107,Female,47,Beauty,2,500,1000
108,24/11/2023,CUST108,Female,32,Clothing,2,30,60
109,19/12/2023,CUST109,Female,44,Clothing,2,300,600
110,13/10/2023,CUST110,Female,51,Beauty,2,500,1000
111,23/4/2023,CUST111,Female,55,Beauty,2,50,100
112,25/7/2023,CUST112,Female,,Beauty,,,
113,17/12/2023,CUST113,Female,50,Electronics,4,300,1200
114,16/6/2023,CUST114,Male,41,Electronics,1,30,30
115,29/1/2023,CUST115,Male,32,Clothing,2,300,600
116,28/4/2023,CUST116,Female,47,Beauty,2,25,50
117,17/1/2023,CUST117,Female,59,Clothing,1,25,25
118,11/6/2023,CUST118,Female,34,Beauty,2,500,1000
119,25/7/2023,CUST119,Female,22,Electronics,1,500,500
120,11/6/2023,CUST120,Female,,,,,
121,18/5/2023,CUST121,Female,46,Clothing,1,50,50
122,3/2/2023,CUST122,Female,21,Clothing,4,300,1200
123,19/4/2023,CUST123,Female,27,Beauty,3,25,75
124,18/10/2023,CUST124,Female,34,Electronics,4,500,2000
125,11/6/2023,CUST125,Male,27,Clothing,3,300,900
126,16/5/2023,CUST126,Male,,Beauty,,,
127,13/3/2023,CUST127,Male,,Beauty,,,
128,7/5/2023,CUST128,Male,,Electronics,,,
129,15/10/2023,CUST129,Male,,Electronics,,,
130,19/4/2023,CUST130,Female,34,Electronics,3,500,1500
131,2/12/2023,CUST131,Male,37,Clothing,3,500,1500
132,13/9/2023,CUST132,Female,41,Electronics,2,25,50
133,22/7/2023,CUST133,Female,22,Beauty,4,25,100
134,26/11/2023,CUST134,Male,51,Clothing,3,500,1500
135,23/8/2023,CUST135,Female,23,Clothing,1,30,30
136,15/3/2023,CUST136,Male,19,Electronics,2,500,1000
137,16/5/2023,CUST137,Female,30,Electronics,4,500,2000
138,13/3/2023,CUST138,Female,60,Clothing,3,50,150
139,7/5/2023,CUST139,Male,60,Beauty,1,50,50
140,15/10/2023,CUST140,Female,28,Electronics,4,50,200
141,3/10/2023,CUST141,Male,64,Electronics,4,30,120
142,15/5/2023,CUST142,Female,40,Electronics,2,30,60
143,27/10/2023,CUST143,Male,33,Clothing,4,500,2000
144,26/10/2023,CUST144,Male,,Beauty,,,
145,8/8/2023,CUST145,Male,48,Clothing,2,50,100
146,26/10/2023,CUST146,Female,28,Clothing,3,30,90
147,24/7/2023,CUST147,Female,33,Clothing,2,25,50
148,5/7/2023,CUST148,Male,25,Beauty,1,500,500
149,23/4/2023,CUST149,Female,21,Beauty,2,300,600
150,12/3/2023,CUST150,Female,57,Clothing,1,500,500
151,18/9/2023,CUST151,Female,21,Beauty,2,300,600
152,10/9/2023,CUST152,Male,42,Electronics,4,50,200
153,16/2/2023,CUST153,Male,20,Electronics,3,300,900
154,25/1/2023,CUST154,Male,49,Electronics,1,50,50
155,26/2/2023,CUST155,Male,20,Clothing,2,25,50
156,20/3/2023,CUST156,Male,44,Electronics,2,300,600
157,18/11/2023,CUST157,Male,46,Beauty,2,500,1000
158,23/3/2023,CUST158,Male,49,Clothing,4,50,200
159,15/12/2023,CUST159,Male,36,Beauty,4,500,2000
160,5/8/2023,CUST160,Male,38,Electronics,1,30,30
161,2/11/2023,CUST161,Female,22,Electronics,1,50,50
162,2/2/2023,CUST162,Male,35,Electronics,4,300,1200
163,17/7/2023,CUST163,Female,45,Clothing,1,50,50
164,15/7/2023,CUST164,Female,59,Beauty,3,500,1500
165,2/11/2023,CUST165,Female,39,Clothing,3,25,75
166,28/8/2023,CUST166,Male,38,Clothing,4,50,200
167,28/9/2023,CUST167,Male,23,Electronics,1,300,300
168,9/5/2023,CUST168,Male,18,Clothing,2,30,60
169,11/10/2023,CUST169,Male,22,Clothing,3,25,75
170,6/1/2023,CUST170,Female,58,Electronics,4,30,120
171,15/12/2023,CUST171,Male,29,Clothing,1,50,50
172,28/2/2023,CUST172,Male,43,Electronics,4,500,2000
173,16/12/2023,CUST173,Male,63,Electronics,2,500,1000
174,2/10/2023,CUST174,Male,51,Electronics,3,300,900
175,17/5/2023,CUST175,Male,31,Electronics,4,500,2000
176,25/11/2023,CUST176,Female,43,Clothing,4,25,100
177,24/6/2023,CUST177,Male,62,Electronics,4,500,2000
178,27/2/2023,CUST178,Female,44,Electronics,2,300,600
179,31/5/2023,CUST179,Male,26,Clothing,4,50,200
180,11/8/2023,CUST180,Female,43,Clothing,2,50,100
181,22/3/2023,CUST181,Male,64,Beauty,2,500,1000
182,21/8/2023,CUST182,Male,39,Clothing,2,30,60
183,2/1/2023,CUST183,Female,64,Clothing,3,50,150
184,15/5/2023,CUST184,Female,47,Beauty,3,500,1500
185,14/9/2023,CUST185,Female,60,Clothing,4,300,1200
186,2/4/2023,CUST186,Male,34,Clothing,4,500,2000
187,17/9/2023,CUST187,Female,43,Clothing,3,50,150
188,24/2/2023,CUST188,Male,53,Clothing,1,300,300
189,17/11/2023,CUST189,Male,18,Beauty,3,500,1500
190,2/6/2023,CUST190,Female,25,Clothing,2,25,50
191,24/11/2023,CUST191,Female,52,Clothing,3,300,900
192,17/9/2023,CUST192,Male,32,Beauty,2,25,50
193,8/11/2023,CUST193,Male,64,Electronics,4,30,120
194,12/4/2023,CUST194,Female,39,Beauty,1,300,300
195,20/3/2023,CUST195,Female,31,Electronics,4,25,100
196,11/7/2023,CUST196,Female,43,Beauty,2,50,100
197,24/3/2023,CUST197,Male,45,Beauty,2,50,100
198,4/10/2023,CUST198,Male,40,Clothing,2,30,60
199,8/9/2023,CUST199,Male,,Beauty,,,
200,29/9/2023,CUST200,Male,31,Electronics,1,300,300
201,1/1/2023,CUST201,Male,41,Clothing,3,300,900
202,3/11/2023,CUST202,Male,19,Electronics,4,300,1200
203,15/6/2023,CUST203,Male,62,Beauty,4,30,120
204,8/9/2023,CUST204,Female,43,Beauty,3,300,900
205,10/1/2023,CUST205,Male,31,Electronics,4,50,200
206,27/2/2023,CUST206,Male,24,Clothing,1,25,25
207,5/7/2023,CUST207,Male,20,Clothing,4,50,200
208,7/6/2023,CUST208,Female,64,Clothing,2,50,100
209,3/5/2023,CUST209,Male,40,Clothing,3,25,75
210,30/1/2023,CUST210,Male,63,Beauty,1,50,50
211,4/5/2023,CUST211,Female,60,Beauty,3,30,90
212,18/10/2023,CUST212,Male,64,Beauty,1,25,25
213,30/1/2023,CUST213,Male,,Beauty,,,
214,10/2/2023,CUST214,Male,62,Beauty,2,50,100
215,13/2/2023,CUST215,Male,35,Beauty,3,500,1500
216,6/9/2023,CUST216,Male,55,Clothing,4,50,200
217,5/2/2023,CUST217,Male,52,Clothing,1,30,30
218,30/9/2023,CUST218,Female,32,Clothing,3,300,900
219,6/3/2023,CUST219,Female,42,Clothing,4,50,200
220,7/3/2023,CUST220,Female,54,Beauty,3,300,900
221,4/12/2023,CUST221,Male,45,Beauty,3,500,1500
222,1/9/2023,CUST222,Male,27,Beauty,3,50,150
223,9/10/2023,CUST223,Male,56,Electronics,1,25,25
224,26/3/2023,CUST224,Female,34,Clothing,4,300,1200
225,16/5/2023,CUST225,Male,56,Clothing,2,500,1000
226,28/9/2023,CUST226,Male,39,Beauty,1,25,25
227,7/11/2023,CUST227,Female,43,Clothing,1,25,25
228,5/8/2023,CUST228,Male,61,Clothing,1,25,25
229,19/4/2023,CUST229,Female,42,Beauty,2,25,50
230,4/10/2023,CUST230,Female,34,Electronics,4,50,200
231,20/12/2023,CUST231,Female,30,Electronics,4,50,200
232,13/4/2023,CUST232,Male,37,Electronics,4,50,200
233,1/1/2024,CUST233,Male,42,Beauty,3,500,1500
234,9/6/2023,CUST234,Male,21,Clothing,3,500,1500
235,24/7/2023,CUST235,Male,27,Beauty,3,500,1500
236,10/12/2023,CUST236,Male,20,Beauty,2,30,60
237,20/12/2023,CUST237,Male,,Beauty,,,
238,29/11/2023,CUST238,Male,58,Clothing,3,500,1500
239,11/7/2023,CUST239,Male,62,Electronics,2,50,100
240,13/8/2023,CUST240,Female,35,Electronics,4,50,200
241,22/9/2023,CUST241,Male,64,Beauty,3,30,90
242,20/8/2023,CUST242,Female,53,Electronics,3,30,90
243,3/3/2023,CUST243,Male,64,Beauty,1,500,500
244,7/5/2023,CUST244,Male,39,Beauty,2,300,600
245,26/4/2023,CUST245,Male,51,Clothing,4,30,120
246,2/2/2023,CUST246,Female,64,Clothing,1,25,25
247,23/6/2023,CUST247,Female,25,Clothing,1,50,50
248,11/1/2023,CUST248,Female,57,Beauty,4,25,100
249,29/10/2023,CUST249,Female,61,Clothing,1,50,50
250,11/10/2023,CUST250,Male,36,Electronics,2,50,100
251,28/4/2023,CUST251,Female,59,Electronics,2,30,60
252,29/10/2023,CUST252,Male,58,Beauty,3,30,90
253,23/4/2023,CUST253,Male,54,Beauty,1,25,25
254,4/1/2023,CUST254,Female,23,Clothing,3,50,150
255,6/2/2023,CUST255,Female,43,Beauty,1,25,25
256,29/12/2023,CUST256,Female,51,Beauty,2,300,600
257,20/11/2023,CUST257,Female,62,Electronics,2,25,50
258,31/1/2023,CUST258,Female,23,Electronics,2,500,1000
259,28/4/2023,CUST259,Female,54,Clothing,1,25,25
260,4/2/2023,CUST260,Female,50,Beauty,2,500,1000
261,17/1/2023,CUST261,Female,39,Beauty,1,500,500
262,19/6/2023,CUST262,Male,38,Electronics,3,500,1500
263,6/2/2023,CUST263,Female,23,Beauty,1,300,300
264,21/9/2023,CUST264,Female,23,Electronics,3,25,75
265,2/5/2023,CUST265,Male,21,Clothing,1,25,25
266,23/5/2023,CUST266,Female,47,Electronics,3,300,900
267,9/12/2023,CUST267,Male,28,Beauty,2,50,100
268,6/9/2023,CUST268,Male,47,Clothing,3,30,90
269,20/4/2023,CUST269,Female,48,Electronics,2,25,50
270,4/10/2023,CUST270,Male,41,Electronics,2,30,60
271,9/3/2023,CUST271,Male,26,Clothing,3,300,900
272,20/10/2023,CUST272,Male,20,Clothing,1,50,50
273,23/10/2023,CUST273,Male,48,Electronics,1,50,50
274,31/8/2023,CUST274,Female,57,Beauty,4,50,200
275,5/5/2023,CUST275,Male,54,Electronics,1,300,300
276,31/8/2023,CUST276,Female,53,Clothing,4,500,2000
277,28/7/2023,CUST277,Male,41,Electronics,1,500,500
278,8/4/2023,CUST278,Male,48,Clothing,1,30,30
279,18/2/2023,CUST279,Male,23,Clothing,2,500,1000
280,19/2/2023,CUST280,Male,19,Beauty,4,500,2000
281,4/12/2023,CUST281,Female,37,Clothing,1,50,50
282,9/8/2023,CUST282,Female,45,Clothing,4,50,200
283,1/7/2023,CUST283,Male,28,Beauty,2,30,60
284,5/8/2023,CUST284,Male,21,Clothing,2,25,50
285,30/7/2023,CUST285,Female,32,Beauty,4,30,120
286,28/8/2023,CUST286,Male,23,Beauty,2,30,60
287,28/1/2023,CUST287,Male,47,Clothing,3,300,900
288,11/12/2023,CUST288,Male,55,Clothing,3,300,900
289,1/12/2023,CUST289,Female,19,Electronics,2,30,60
290,27/11/2023,CUST290,Female,32,Beauty,3,30,90
291,26/7/2023,CUST291,Male,,Beauty,,,
292,20/2/2023,CUST292,Female,28,Electronics,1,30,30
293,1/2/2023,CUST293,Male,25,Clothing,4,500,2000
294,26/7/2023,CUST294,Male,43,Electronics,1,300,300
295,23/6/2023,CUST295,Female,62,Beauty,4,30,120
296,25/2/2023,CUST296,Female,61,Electronics,2,50,100
297,8/5/2023,CUST297,Female,22,Beauty,1,50,50
298,9/4/2023,CUST298,Female,23,Clothing,2,500,1000
299,8/4/2023,CUST299,Male,43,Clothing,2,500,1000
300,2/10/2023,CUST300,Female,21,Beauty,4,25,100
301,18/8/2023,CUST301,Male,36,Clothing,4,25,100
302,13/3/2023,CUST302,Female,37,Clothing,4,25,100
303,5/8/2023,CUST303,Male,50,Clothing,1,500,500
304,4/4/2023,CUST304,Female,37,Clothing,3,500,1500
305,23/5/2023,CUST305,Female,29,Beauty,4,500,2000
306,25/8/2023,CUST306,Female,64,Electronics,4,50,200
307,8/5/2023,CUST307,Female,18,Electronics,1,500,500
308,8/2/2023,CUST308,Male,43,Clothing,4,50,200
309,8/2/2023,CUST309,Male,,Clothing,,,
310,15/8/2023,CUST310,Female,31,Electronics,1,25,25
311,9/10/2023,CUST311,Male,55,Electronics,2,25,50
312,20/2/2023,CUST312,Male,54,Clothing,4,25,100
313,26/1/2023,CUST313,Male,28,Clothing,4,30,120
314,30/11/2023,CUST314,Male,53,Electronics,2,30,60
315,4/10/2023,CUST315,Female,30,Beauty,2,300,600
316,8/1/2023,CUST316,Male,60,Clothing,2,300,600
317,17/2/2023,CUST317,Male,20,Beauty,4,300,1200
318,2/5/2023,CUST318,Male,50,Electronics,3,30,90
319,27/3/2023,CUST319,Female,23,Clothing,3,30,90
320,28/7/2023,CUST320,Female,27,Beauty,3,300,900
321,6/9/2023,CUST321,Female,22,Clothing,4,300,1200
322,4/9/2023,CUST322,Female,40,Electronics,2,500,1000
323,20/4/2023,CUST323,Male,27,Beauty,4,300,1200
324,25/7/2023,CUST324,Male,61,Electronics,2,500,1000
325,31/1/2023,CUST325,Female,19,Electronics,4,50,200
326,26/3/2023,CUST326,Male,30,Clothing,4,30,120
327,14/7/2023,CUST327,Male,57,Beauty,2,300,600
328,2/1/2023,CUST328,Male,19,Electronics,3,30,90
329,20/4/2023,CUST329,Male,,Clothing,,,
330,25/7/2023,CUST330,Male,,Clothing,,,
331,19/7/2023,CUST331,Female,37,Electronics,2,30,60
332,16/5/2023,CUST332,Female,18,Beauty,1,30,30
333,21/8/2023,CUST333,Male,54,Electronics,1,50,50
334,27/5/2023,CUST334,Female,26,Electronics,2,25,50
335,5/8/2023,CUST335,Female,34,Beauty,4,300,1200
336,23/12/2023,CUST336,Female,26,Beauty,1,25,25
337,12/10/2023,CUST337,Female,28,Beauty,1,25,25
338,5/12/2023,CUST338,Female,32,Beauty,4,25,100
339,7/9/2023,CUST339,Male,41,Clothing,4,30,120
340,21/3/2023,CUST340,Female,55,Beauty,3,500,1500
341,8/4/2023,CUST341,Male,52,Clothing,4,30,120
342,1/6/2023,CUST342,Male,47,Clothing,2,30,60
343,22/4/2023,CUST343,Female,48,Clothing,2,25,50
344,30/1/2023,CUST344,Male,22,Electronics,3,30,90
345,24/10/2023,CUST345,Male,61,Clothing,1,25,25
346,5/10/2023,CUST346,Male,31,Clothing,1,500,500
347,1/2/2023,CUST347,Female,28,Electronics,4,300,1200
348,10/6/2023,CUST348,Female,26,Electronics,2,25,50
349,30/1/2023,CUST349,Male,51,Electronics,1,500,500
350,26/1/2023,CUST350,Female,29,Beauty,3,300,900
351,27/10/2023,CUST351,Female,52,Electronics,3,50,150
352,2/9/2023,CUST352,Female,52,Electronics,2,25,50
353,15/9/2023,CUST353,Female,18,Clothing,3,25,75
354,29/9/2023,CUST354,Male,57,Electronics,3,50,150
355,22/3/2023,CUST355,Male,39,Beauty,2,50,100
356,30/1/2023,CUST356,Female,,Clothing,,,
357,30/1/2023,CUST357,Female,46,Electronics,4,25,100
358,18/9/2023,CUST358,Female,25,Beauty,4,50,200
359,11/2/2023,CUST359,Male,28,Electronics,3,30,90
360,6/4/2023,CUST360,Male,58,Electronics,4,300,1200
361,5/2/2023,CUST361,Female,54,Electronics,4,300,1200
362,1/11/2023,CUST362,Male,31,Electronics,3,300,900
363,4/2/2023,CUST363,Female,47,Beauty,4,30,120
364,12/12/2023,CUST364,Female,52,Beauty,3,50,150
365,1/5/2023,CUST365,Male,38,Clothing,1,500,500
366,26/7/2023,CUST366,Male,54,Beauty,2,50,100
367,3/3/2023,CUST367,Female,22,Electronics,2,25,50
368,19/10/2023,CUST368,Female,36,Clothing,4,300,1200
369,7/5/2023,CUST369,Male,31,Clothing,4,50,200
370,24/10/2023,CUST370,Female,43,Clothing,4,500,2000
371,1/11/2023,CUST371,Male,21,Electronics,2,25,50
372,21/1/2023,CUST372,Female,42,Beauty,1,30,30
373,14/11/2023,CUST373,Male,62,Electronics,1,30,30
374,11/2/2023,CUST374,Male,59,Clothing,2,500,1000
375,3/8/2023,CUST375,Male,42,Electronics,1,25,25
376,3/12/2023,CUST376,Female,35,Electronics,2,300,600
377,26/10/2023,CUST377,Female,57,Beauty,1,50,50
378,17/10/2023,CUST378,Male,25,Beauty,3,25,75
379,25/9/2023,CUST379,Female,56,Clothing,3,30,90
380,11/6/2023,CUST380,Male,57,Electronics,2,500,1000
381,14/5/2023,CUST381,Male,31,Electronics,1,500,500
382,15/4/2023,CUST382,Female,49,Beauty,4,50,200
383,9/12/2023,CUST383,Female,55,Electronics,1,500,500
384,10/6/2023,CUST384,Male,50,Electronics,3,500,1500
385,3/5/2023,CUST385,Female,40,Electronics,3,25,75
386,16/5/2023,CUST386,Female,32,Beauty,1,300,300
387,22/7/2023,CUST387,Male,50,Clothing,1,50,50
388,9/3/2023,CUST388,Male,42,Clothing,4,25,100
389,10/12/2023,CUST389,Female,34,Electronics,4,300,1200
390,27/11/2023,CUST390,Male,50,Clothing,1,25,25
391,3/6/2023,CUST391,Male,64,Beauty,1,25,25
392,23/8/2023,CUST392,Female,19,Beauty,1,500,500
393,11/6/2023,CUST393,Male,31,Clothing,1,300,300
394,7/2/2023,CUST394,Male,57,Clothing,2,50,100
395,5/1/2023,CUST395,Female,57,Electronics,1,50,50
396,23/8/2023,CUST396,Female,56,Clothing,4,300,1200
397,15/11/2023,CUST397,Male,23,Electronics,3,500,1500
398,16/10/2023,CUST398,Male,23,Electronics,2,30,60
399,21/2/2023,CUST399,Female,20,Beauty,1,25,25
400,7/2/2023,CUST400,Female,24,Beauty,3,500,1500
401,3/10/2023,CUST401,Female,25,Beauty,2,300,600
402,20/4/2023,CUST402,Female,59,Beauty,3,25,75
403,17/9/2023,CUST403,Male,32,Clothing,1,50,50
404,16/5/2023,CUST404,Female,64,Beauty,1,30,30
405,9/3/2023,CUST405,Female,46,Clothing,4,50,200
406,28/6/2023,CUST406,Male,50,Beauty,1,300,300
407,5/2/2023,CUST407,Female,47,Clothing,1,25,25
408,6/5/2023,CUST408,Male,56,Electronics,2,300,600
409,9/7/2023,CUST409,Female,44,Clothing,4,25,100
410,26/5/2023,CUST410,Female,53,Clothing,2,500,1000
411,22/3/2023,CUST411,Female,46,Beauty,3,30,90
412,13/8/2023,CUST412,Male,55,Clothing,1,500,500
413,6/10/2023,CUST413,Male,50,Electronics,3,500,1500
414,27/12/2023,CUST414,Female,54,Electronics,2,300,600
415,4/6/2023,CUST415,Male,44,Beauty,1,30,30
416,10/11/2023,CUST416,Male,50,Electronics,1,25,25
417,1/12/2023,CUST417,Male,21,Clothing,2,25,50
418,28/9/2023,CUST418,Male,39,Electronics,2,50,100
419,16/5/2023,CUST419,,,Clothing,,,
420,5/1/2023,CUST420,Male,19,Beauty,2,25,50
421,8/12/2023,CUST421,Male,27,Clothing,2,300,600
422,11/10/2023,CUST422,Female,22,Beauty,2,500,1000
423,3/6/2023,CUST423,Female,27,Clothing,1,500,500
424,6/12/2023,CUST424,Male,50,Electronics,2,500,1000
425,23/2/2023,CUST425,Female,55,Beauty,1,30,30
426,10/3/2023,CUST426,Female,30,Beauty,1,25,25
427,16/5/2023,CUST427,Female,48,Clothing,2,300,600
428,1/3/2023,CUST428,Female,64,Beauty,2,30,60
429,24/2/2023,CUST429,Male,53,Clothing,4,50,200
430,11/10/2023,CUST430,Female,62,Clothing,1,300,300
431,21/3/2023,CUST431,Female,41,Clothing,2,300,600
432,20/5/2023,CUST432,Male,32,Clothing,2,300,600
433,25/5/2023,CUST433,Male,46,Electronics,2,500,1000
434,6/11/2023,CUST434,Female,25,Clothing,4,300,1200
435,18/4/2023,CUST435,Female,22,Beauty,4,25,100
436,25/6/2023,CUST436,Female,46,Electronics,3,300,900
437,15/4/2023,CUST437,Female,64,Beauty,1,500,500
438,18/12/2023,CUST438,Female,21,Electronics,3,300,900
439,21/11/2023,CUST439,Female,29,Clothing,2,50,100
440,16/5/2023,CUST440,Male,62,Electronics,4,50,200
441,16/9/2023,CUST441,Female,19,Electronics,4,500,2000
442,8/9/2023,CUST442,Female,44,Beauty,3,25,75
443,9/5/2023,CUST443,Male,48,Beauty,4,25,100
444,27/1/2023,CUST444,Male,53,Clothing,2,30,60
445,17/2/2023,CUST445,Male,53,Electronics,4,500,2000
446,21/11/2023,CUST446,Male,43,Electronics,3,300,900
447,5/8/2023,CUST447,Female,60,Electronics,2,500,1000
448,22/5/2023,CUST448,Female,44,Clothing,3,30,90
449,23/1/2023,CUST449,Female,22,Clothing,4,500,2000
450,2/1/2023,CUST450,Female,37,Clothing,3,500,1500
451,20/6/2023,CUST451,Female,28,Clothing,3,30,90
452,8/3/2023,CUST452,Female,27,Clothing,1,25,25
453,23/11/2023,CUST453,Male,57,Beauty,4,300,1200
454,15/5/2023,CUST454,Female,55,Electronics,4,30,120
455,24/3/2023,CUST455,Male,23,Electronics,3,50,150
456,15/8/2023,CUST456,Male,25,Electronics,1,25,25
457,10/10/2023,CUST457,Female,40,Electronics,4,50,200
458,28/12/2023,CUST458,Male,64,Electronics,2,25,50
459,7/8/2023,CUST459,Female,43,Electronics,3,300,900
460,15/10/2023,CUST460,Male,63,Electronics,4,300,1200
461,5/1/2023,CUST461,Female,60,Electronics,2,500,1000
462,27/2/2023,CUST462,Male,29,Beauty,4,50,200
463,8/2/2023,CUST463,Female,43,Electronics,2,25,50
464,20/12/2023,CUST464,Female,30,Beauty,3,300,900
465,18/3/2023,CUST465,Female,57,Clothing,4,30,120
466,7/10/2023,CUST466,Female,35,Electronics,4,300,1200
467,19/1/2023,CUST467,Female,42,Clothing,1,30,30
468,9/7/2023,CUST468,Male,50,Clothing,3,25,75
469,26/10/2023,CUST469,Male,64,Clothing,2,300,600
470,10/10/2023,CUST470,Male,57,Beauty,4,300,1200
471,17/3/2023,CUST471,Female,60,Clothing,4,25,100
472,9/8/2023,CUST472,Male,29,Clothing,2,300,600
473,7/3/2023,CUST473,Female,61,Clothing,3,30,90
474,22/1/2023,CUST474,Female,53,Electronics,1,300,300
475,7/6/2023,CUST475,Male,21,Electronics,1,50,50
476,6/7/2023,CUST476,Male,22,Beauty,4,500,2000
477,21/1/2023,CUST477,Female,54,Beauty,2,30,60
478,3/7/2023,CUST478,Male,25,Electronics,4,50,200
479,18/4/2023,CUST479,Female,59,Beauty,2,25,50
480,16/12/2023,CUST480,Female,45,Electronics,1,30,30
481,8/5/2023,CUST481,Female,48,Clothing,3,500,1500
482,8/12/2023,CUST482,Female,26,Clothing,2,500,1000
483,22/2/2023,CUST483,Female,46,Beauty,1,25,25
484,1/7/2023,CUST484,Male,31,Electronics,4,25,100
485,14/10/2023,CUST485,Male,57,Electronics,2,30,60
486,28/7/2023,CUST486,Female,58,Beauty,3,300,900
487,14/11/2023,CUST487,Female,39,Electronics,4,25,100
488,21/3/2023,CUST488,Male,28,Clothing,4,300,1200
489,2/5/2023,CUST489,Male,40,Beauty,1,50,50
490,25/3/2023,CUST490,Female,18,Beauty,2,500,1000
491,1/4/2023,CUST491,Male,63,Electronics,4,300,1200
492,31/7/2023,CUST492,Female,54,Beauty,3,500,1500
493,13/1/2023,CUST493,Male,38,Electronics,2,300,600
494,2/4/2023,CUST494,Female,43,Electronics,3,50,150
495,20/6/2023,CUST495,Male,63,Electronics,4,25,100
496,30/7/2023,CUST496,Female,53,Electronics,3,50,150
497,9/12/2023,CUST497,Male,40,Electronics,1,25,25
498,8/5/2023,CUST498,Male,18,Beauty,3,25,75
499,17/5/2023,CUST499,Female,57,Clothing,2,500,1000
500,23/3/2023,CUST500,Male,32,Clothing,3,50,150
501,26/12/2023,CUST501,Female,38,Beauty,3,300,900
502,25/2/2023,CUST502,Male,64,Beauty,1,50,50
503,15/7/2023,CUST503,Female,26,Clothing,3,500,1500
504,20/1/2023,CUST504,Male,26,Clothing,3,25,75
505,29/8/2023,CUST505,Female,27,Clothing,4,500,2000
506,24/4/2023,CUST506,Male,43,Clothing,4,30,120
507,13/4/2023,CUST507,Female,58,Clothing,2,30,60
508,24/8/2023,CUST508,Male,52,Electronics,4,300,1200
509,29/6/2023,CUST509,Female,42,Beauty,4,500,2000
510,6/6/2023,CUST510,Female,43,Electronics,4,300,1200
511,27/4/2023,CUST511,Female,28,Clothing,4,300,1200
512,26/4/2023,CUST512,Female,,Clothing,,,
513,25/4/2023,CUST513,Male,55,Clothing,1,30,30
514,13/1/2023,CUST514,Female,19,Clothing,4,300,1200
515,4/12/2023,CUST515,Male,24,Electronics,1,30,30
516,9/4/2023,CUST516,Female,35,Electronics,1,25,25
517,24/7/2023,CUST517,Male,44,Clothing,4,500,2000
518,18/6/2023,CUST518,Female,51,Electronics,3,300,900
519,23/5/2023,CUST519,Male,44,Electronics,1,30,30
520,5/2/2023,CUST520,Male,34,Clothing,3,50,150
521,23/5/2023,CUST521,Female,60,Electronics,3,300,900
522,29/6/2023,CUST522,Male,61,Beauty,4,25,100
523,25/11/2023,CUST523,Male,41,Beauty,2,25,50
524,18/9/2023,CUST524,Female,42,Beauty,4,50,200
525,24/7/2023,CUST525,Male,24,Beauty,2,30,60
526,14/12/2023,CUST526,Male,23,Clothing,2,300,600
527,2/10/2023,CUST527,Male,41,Clothing,4,30,120
528,19/6/2023,CUST528,Female,50,Clothing,4,25,100
529,15/1/2023,CUST529,Male,46,Beauty,2,30,60
530,1/3/2023,CUST530,Female,60,Beauty,4,25,100
531,14/5/2023,CUST531,Male,39,Electronics,2,30,60
532,2/4/2023,CUST532,Male,43,Electronics,3,50,150
533,25/10/2023,CUST533,Male,45,Beauty,4,500,2000
534,16/5/2023,CUST534,Female,38,Beauty,3,50,150
535,20/1/2023,CUST535,Male,24,Beauty,1,50,50
536,25/2/2023,CUST536,Male,34,Beauty,3,500,1500
537,2/11/2023,CUST537,Female,37,Electronics,3,500,1500
538,11/8/2023,CUST538,Male,58,Beauty,2,300,600
539,26/6/2023,CUST539,Female,37,Electronics,3,300,900
540,11/5/2023,CUST540,,,,,,
541,10/6/2023,CUST541,Female,39,Beauty,4,50,200
542,12/8/2023,CUST542,Male,45,Beauty,2,50,100
543,7/11/2023,CUST543,Female,57,Beauty,1,25,25
544,19/9/2023,CUST544,Male,24,Electronics,4,25,100
545,1/3/2023,CUST545,Female,18,Electronics,1,300,300
546,17/7/2023,CUST546,Female,49,Clothing,3,300,900
547,23/10/2023,CUST547,Male,30,Beauty,4,25,100
548,8/4/2023,CUST548,Female,47,Clothing,4,25,100
549,11/5/2023,CUST549,Female,40,Clothing,1,30,30
550,23/1/2023,CUST550,Female,36,Electronics,4,30,120
551,5/3/2023,CUST551,,,Clothing,,,
552,29/12/2023,CUST552,Female,49,Electronics,4,25,100
553,12/8/2023,CUST553,Female,47,Clothing,4,30,120
554,1/1/2023,CUST554,Male,46,Beauty,3,500,1500
555,24/9/2023,CUST555,Female,62,Electronics,1,300,300
556,3/10/2023,CUST556,Male,46,Beauty,4,300,1200
557,18/12/2023,CUST557,Female,47,Beauty,2,25,50
558,10/12/2023,CUST558,Male,33,Clothing,2,50,100
559,11/4/2023,CUST559,Male,57,Clothing,2,25,50
560,6/7/2023,CUST560,Female,36,Clothing,2,30,60
561,9/8/2023,CUST561,Female,35,Clothing,3,50,150
562,5/2/2023,CUST562,Female,18,Electronics,4,30,120
563,7/12/2023,CUST563,Male,31,Electronics,1,500,500
564,19/6/2023,CUST564,Female,64,Clothing,4,30,120
565,16/11/2023,CUST565,Male,19,Electronics,3,500,1500
566,10/6/2023,CUST566,Male,45,Clothing,2,500,1000
567,6/12/2023,CUST567,Male,47,Beauty,3,30,90
568,5/3/2023,CUST568,Female,55,Beauty,4,30,120
569,3/6/2023,CUST569,Female,21,Beauty,1,500,500
570,17/9/2023,CUST570,Male,18,Clothing,3,50,150
571,8/6/2023,CUST571,Male,25,Beauty,1,500,500
572,8/12/2023,CUST572,Female,46,Electronics,3,300,900
573,29/7/2023,CUST573,Male,56,Beauty,1,500,500
574,17/6/2023,CUST574,Female,20,Beauty,1,50,50
575,26/7/2023,CUST575,Male,49,Beauty,2,300,600
576,23/12/2023,CUST576,Female,27,Electronics,1,25,25
577,1/6/2023,CUST577,Male,27,Clothing,2,25,50
578,11/10/2023,CUST578,Female,36,Electronics,4,50,200
579,7/3/2023,CUST579,Male,63,Clothing,4,500,2000
580,9/4/2023,CUST580,Female,51,Clothing,2,30,60
581,4/8/2023,CUST581,Female,50,Beauty,2,50,100
582,7/12/2023,CUST582,Male,40,Clothing,3,300,900
583,14/7/2023,CUST583,Male,45,Electronics,3,300,900
584,13/12/2023,CUST584,Female,49,Electronics,3,25,75
585,31/3/2023,CUST585,Male,24,Clothing,4,300,1200
586,12/11/2023,CUST586,Female,46,Beauty,3,50,150
587,19/10/2023,CUST587,Male,25,Beauty,1,300,300
588,4/6/2023,CUST588,Female,18,Electronics,1,50,50
589,27/7/2023,CUST589,Female,20,Beauty,3,30,90
590,8/10/2023,CUST590,Female,41,Clothing,1,25,25
591,1/1/2023,CUST591,Female,40,Clothing,4,300,1200
592,5/6/2023,CUST592,Female,25,Electronics,1,50,50
593,27/5/2023,CUST593,Female,64,Clothing,4,500,2000
594,18/4/2023,CUST594,Male,54,Electronics,2,25,50
595,9/8/2023,CUST595,Male,20,Clothing,2,30,60
596,24/10/2023,CUST596,Male,50,Electronics,2,50,100
597,7/11/2023,CUST597,Female,45,Beauty,2,30,60
598,2/12/2023,CUST598,Female,64,Clothing,1,30,30
599,14/6/2023,CUST599,Female,25,Clothing,3,300,900
600,27/8/2023,CUST600,Female,51,Electronics,1,300,300
601,15/8/2023,CUST601,Male,52,Electronics,4,50,200
602,15/8/2023,CUST602,Male,49,Clothing,1,500,500
603,12/12/2023,CUST603,Female,41,Electronics,1,50,50
604,20/4/2023,CUST604,Male,31,Clothing,4,500,2000
605,19/9/2023,CUST605,Male,49,Beauty,2,30,60
606,31/8/2023,CUST606,Female,63,Electronics,2,25,50
607,28/3/2023,CUST607,Male,60,Clothing,2,50,100
608,4/12/2023,CUST608,Female,33,Beauty,3,50,150
609,13/2/2023,CUST609,Male,21,Beauty,4,500,2000
610,26/5/2023,CUST610,Female,54,Clothing,4,30,120
611,28/3/2023,CUST611,,,Clothing,,,
612,21/9/2023,CUST612,Female,38,Electronics,1,30,30
613,13/1/2023,CUST613,,,Clothing,,,
614,6/12/2023,CUST614,Female,31,Clothing,3,500,1500
615,21/11/2023,CUST615,Female,48,Beauty,2,30,60
616,14/11/2023,CUST616,Male,35,Clothing,3,300,900
617,21/6/2023,CUST617,Female,24,Electronics,4,25,100
618,17/2/2023,CUST618,Female,27,Beauty,4,50,200
619,1/5/2023,CUST619,Female,24,Clothing,1,25,25
620,11/12/2023,CUST620,Male,50,Electronics,1,50,50
621,8/6/2023,CUST621,Female,40,Beauty,4,300,1200
622,26/4/2023,CUST622,Male,38,Electronics,2,30,60
623,12/4/2023,CUST623,Female,36,Beauty,2,500,1000
624,17/3/2023,CUST624,Male,36,Clothing,3,300,900
625,13/1/2023,CUST625,Male,53,Electronics,4,25,100
626,24/1/2023,CUST626,Female,46,Beauty,4,500,2000
627,6/5/2023,CUST627,Male,35,Electronics,2,30,60
628,1/9/2023,CUST628,Female,19,Electronics,2,300,600
629,9/11/2023,CUST629,Female,18,Clothing,4,500,2000
630,7/2/2023,CUST630,Female,64,Electronics,1,300,300
631,22/8/2023,CUST631,Male,22,Beauty,4,300,1200
632,1/8/2023,CUST632,Male,37,Beauty,4,30,120
633,19/11/2023,CUST633,Female,28,Beauty,2,50,100
634,22/10/2023,CUST634,Female,59,Beauty,2,500,1000
635,10/4/2023,CUST635,Male,19,Clothing,1,30,30
636,23/12/2023,CUST636,Female,20,Electronics,1,300,300
637,16/7/2023,CUST637,Female,40,Clothing,3,30,90
638,11/9/2023,CUST638,Female,29,Electronics,4,50,200
639,24/7/2023,CUST639,Male,37,Electronics,2,500,1000
640,5/5/2023,CUST640,Male,22,Electronics,1,50,50
641,17/3/2023,CUST641,Male,54,Clothing,3,25,75
642,2/12/2023,CUST642,Female,55,Electronics,3,500,1500
643,11/9/2023,CUST643,,,Clothing,,,
644,19/12/2023,CUST644,Female,47,Clothing,2,50,100
645,3/1/2023,CUST645,Female,26,Beauty,2,300,600
646,24/2/2023,CUST646,Male,51,Beauty,3,500,1500
647,6/8/2023,CUST647,Female,61,Electronics,1,500,500
648,23/4/2023,CUST648,Female,52,Clothing,3,30,90
649,1/4/2023,CUST649,Female,39,Beauty,4,300,1200
650,23/12/2023,CUST650,Female,61,Clothing,4,25,100
651,23/9/2023,CUST651,Male,41,Clothing,2,50,100
652,26/8/2023,CUST652,Male,34,Electronics,1,30,30
653,26/1/2023,CUST653,Female,27,Beauty,1,50,50
654,13/10/2023,CUST654,Male,47,Electronics,4,25,100
655,8/5/2023,CUST655,Male,63,Electronics,3,25,75
656,4/3/2023,CUST656,Female,40,Beauty,2,500,1000
657,22/8/2023,CUST657,Female,49,Beauty,3,25,75
658,10/3/2023,CUST658,Male,34,Clothing,3,50,150
659,26/8/2023,CUST659,Female,34,Beauty,3,300,900
660,8/12/2023,CUST660,Male,31,Clothing,1,300,300
661,29/9/2023,CUST661,Female,26,Clothing,4,500,2000
662,14/10/2023,CUST662,Male,57,Clothing,1,50,50
663,1/11/2023,CUST663,Female,19,Beauty,4,50,200
664,12/6/2023,CUST664,Male,62,Electronics,2,25,50
665,15/8/2023,CUST665,Male,42,Clothing,2,50,100
666,10/11/2023,CUST666,Male,56,Electronics,3,30,90
667,16/9/2023,CUST667,Female,26,Electronics,4,25,100
668,7/8/2023,CUST668,Male,39,Beauty,4,30,120
669,8/10/2023,CUST669,Male,60,Electronics,4,500,2000
670,17/8/2023,CUST670,Female,63,Electronics,3,300,900
671,23/3/2023,CUST671,Female,21,Beauty,3,500,1500
672,1/9/2023,CUST672,Male,43,Clothing,2,300,600
673,19/8/2023,CUST673,Male,46,Electronics,1,500,500
674,13/5/2023,CUST674,Female,62,Beauty,4,50,200
675,7/5/2023,CUST675,Female,51,Electronics,4,30,120
676,23/11/2023,CUST676,Female,40,Electronics,1,300,300
677,22/5/2023,CUST677,Female,54,Clothing,4,25,100
678,24/9/2023,CUST678,Female,28,Electronics,3,30,90
679,27/5/2023,CUST679,,,Electronics,,,
680,6/9/2023,CUST680,Male,23,Beauty,3,25,75
681,17/11/2023,CUST681,Female,35,Electronics,4,30,120
682,3/5/2023,CUST682,Male,38,Clothing,3,30,90
683,21/5/2023,CUST683,Male,59,Clothing,3,500,1500
684,14/8/2023,CUST684,Male,53,Beauty,4,300,1200
685,9/2/2023,CUST685,Female,58,Clothing,2,300,600
686,1/1/2024,CUST686,Male,55,Electronics,1,30,30
687,27/5/2023,CUST687,Male,51,Clothing,3,50,150
688,1/5/2023,CUST688,Female,34,Beauty,2,50,100
689,20/5/2023,CUST689,Male,54,Clothing,3,25,75
690,21/6/2023,CUST690,Male,42,Clothing,3,25,75
691,13/6/2023,CUST691,Female,55,Clothing,1,500,500
692,4/10/2023,CUST692,Male,29,Beauty,3,30,90
693,2/2/2023,CUST693,Male,,,,20,40
694,11/2/2023,CUST694,Male,40,Clothing,1,25,25
695,12/3/2023,CUST695,Male,59,Clothing,1,25,25
696,19/3/2023,CUST696,Female,39,Electronics,1,30,30
697,29/4/2023,CUST697,Female,38,Beauty,2,500,1000
698,16/7/2023,CUST698,Female,44,Clothing,4,25,100
699,22/12/2023,CUST699,Male,48,Beauty,2,500,1000
700,20/3/2023,CUST700,Male,23,Clothing,4,300,1200
701,28/12/2023,CUST701,Female,44,Clothing,4,500,2000
702,20/4/2023,CUST702,Male,57,Clothing,1,50,50
703,2/2/2023,CUST703,Male,51,Electronics,3,50,150
704,1/8/2023,CUST704,Female,29,Electronics,1,500,500
705,28/7/2023,CUST705,Female,62,Electronics,3,50,150
706,19/6/2023,CUST706,Male,24,Beauty,4,300,1200
707,16/4/2023,CUST707,,-8,Electronics,4,20,80
708,5/10/2023,CUST708,Male,27,Beauty,1,30,30
709,27/8/2023,CUST709,Male,62,Electronics,3,50,150
710,1/8/2023,CUST710,Female,34,Beauty,2,50,100
711,1/2/2023,CUST711,Female,43,Clothing,3,500,1500
712,16/4/2023,CUST712,Female,38,Clothing,1,300,300
713,4/8/2023,CUST713,Female,45,Clothing,2,30,60
714,19/7/2023,CUST714,Male,63,Electronics,3,500,1500
715,27/10/2023,CUST715,Female,19,Beauty,3,500,1500
716,23/12/2023,CUST716,Female,60,Electronics,3,300,900
717,11/1/2023,CUST717,Female,18,Beauty,3,30,90
718,22/10/2023,CUST718,Female,53,Clothing,3,300,900
719,14/7/2023,CUST719,Female,43,Electronics,2,30,60
720,2/9/2023,CUST720,Male,46,Beauty,4,300,1200
721,4/1/2023,CUST721,Male,38,Beauty,2,500,1000
722,30/6/2023,CUST722,Female,28,Clothing,2,500,1000
723,2/6/2023,CUST723,Male,57,Electronics,2,25,50
724,23/4/2023,CUST724,Male,55,Clothing,-1,-30,-30
725,19/7/2023,CUST725,Female,28,Electronics,4,50,200
726,3/8/2023,CUST726,Female,53,Electronics,1,300,300
727,3/10/2023,CUST727,Male,56,Clothing,4,25,100
728,7/10/2023,CUST728,Male,57,Electronics,2,50,100
729,5/11/2023,CUST729,Female,52,Clothing,3,300,900
730,23/4/2023,CUST730,Female,51,Clothing,3,30,90
731,7/9/2023,CUST731,Female,64,Clothing,2,50,100
732,23/4/2023,CUST732,Male,41,Beauty,3,500,1500
733,20/5/2023,CUST733,Female,39,Electronics,2,25,50
734,12/8/2023,CUST734,Female,22,Electronics,3,50,150
735,27/7/2023,CUST735,Female,28,Beauty,,,
736,6/9/2023,CUST736,Female,50,Clothing,4,50,200
737,15/1/2023,CUST737,Male,53,Clothing,1,500,500
738,19/7/2023,CUST738,Female,64,Electronics,1,300,300
739,22/6/2023,CUST739,Female,37,Clothing,4,30,120
740,9/12/2023,CUST740,Male,36,Electronics,4,500,2000
741,14/12/2023,CUST741,Female,52,Beauty,2,30,60
742,27/7/2023,CUST742,Female,60,Clothing,2,300,600
743,26/3/2023,CUST743,Male,34,Electronics,2,50,100
744,28/8/2023,CUST744,Female,62,Clothing,3,30,90
745,7/3/2023,CUST745,Male,60,Electronics,2,25,50
746,15/11/2023,CUST746,Male,51,Electronics,4,25,100
747,1/10/2023,CUST747,Female,26,Clothing,1,500,500
748,14/1/2023,CUST748,Female,43,Beauty,3,300,900
749,21/7/2023,CUST749,Female,19,Electronics,2,500,1000
750,12/2/2023,CUST750,,30,Clothing,,,
751,31/10/2023,CUST751,Female,26,Electronics,3,500,1500
752,16/10/2023,CUST752,Male,26,Electronics,3,500,1500
753,6/12/2023,CUST753,Female,57,Beauty,2,25,50
754,14/1/2023,CUST754,Male,34,Beauty,3,25,75
755,12/2/2023,CUST755,Female,18,Clothing,1,500,500
756,26/11/2023,CUST756,Female,42,Beauty,4,25,100
757,8/8/2023,CUST757,Female,60,Clothing,4,300,1200
758,11/3/2023,CUST758,Male,57,Clothing,1,500,500
759,25/8/2023,CUST759,Female,59,Beauty,3,25,75
760,4/4/2023,CUST760,Female,42,Clothing,2,30,60
761,26/1/2023,CUST761,Female,56,Beauty,3,500,1500
762,14/5/2023,CUST762,Female,52,Clothing,1,500,500
763,14/7/2023,CUST763,Male,20,Beauty,3,300,900
764,10/5/2023,CUST764,,,,-4,,
765,17/6/2023,CUST765,Female,54,Beauty,4,50,200
766,19/4/2023,CUST766,Male,61,Clothing,3,50,150
767,21/8/2023,CUST767,Male,61,Electronics,1,300,300
768,17/6/2023,CUST768,Male,47,Clothing,4,300,1200
769,22/6/2023,CUST769,Male,55,Beauty,3,300,900
770,14/7/2023,CUST770,Male,51,Electronics,3,50,150
771,23/5/2023,CUST771,Male,29,Clothing,4,300,1200
772,4/8/2023,CUST772,Female,36,Clothing,2,25,50
773,10/5/2023,CUST773,Male,54,Clothing,4,500,2000
774,11/2/2023,CUST774,Male,61,Electronics,2,500,1000
775,29/8/2023,CUST775,Male,34,Beauty,1,30,30
776,10/1/2023,CUST776,Female,27,Clothing,1,30,30
777,4/10/2023,CUST777,Female,64,Clothing,4,500,2000
778,27/1/2023,CUST778,Male,29,Clothing,4,25,100
779,21/1/2023,CUST779,,,,0,,
780,29/6/2023,CUST780,Female,33,Clothing,1,50,50
781,25/4/2023,CUST781,Male,41,Clothing,2,50,100
782,29/11/2023,CUST782,Male,36,Beauty,1,25,25
783,5/2/2023,CUST783,Female,25,Beauty,4,50,200
784,30/11/2023,CUST784,Male,48,Clothing,1,300,300
785,21/1/2023,CUST785,Female,38,Electronics,4,500,2000
786,16/1/2023,CUST786,Female,34,Beauty,4,500,2000
787,7/5/2023,CUST787,Male,40,Electronics,1,25,25
788,13/4/2023,CUST788,Male,54,Beauty,2,50,100
789,11/1/2023,CUST789,Female,33,Clothing,3,30,90
790,15/11/2023,CUST790,Male,23,Beauty,1,30,30
791,20/3/2023,CUST791,Male,25,Clothing,3,50,150
792,21/1/2023,CUST792,,23,Clothing,0,,
793,3/5/2023,CUST793,Male,42,Beauty,1,30,30
794,6/3/2023,CUST794,Female,35,Clothing,3,25,75
795,31/8/2023,CUST795,Female,42,Clothing,2,25,50
796,9/12/2023,CUST796,Male,29,Clothing,2,50,100
797,28/2/2023,CUST797,Female,32,Clothing,1,30,30
798,16/10/2023,CUST798,Female,43,Electronics,4,25,100
799,22/4/2023,CUST799,Female,58,Clothing,3,25,75
800,27/8/2023,CUST800,Female,62,Electronics,4,300,1200
801,25/12/2023,CUST801,Female,43,Electronics,4,300,1200
802,12/5/2023,CUST802,Male,64,Clothing,4,25,100
803,8/7/2023,CUST803,Male,49,Electronics,2,50,100
804,27/8/2023,CUST804,Male,44,Electronics,0,,
805,27/3/2023,CUST805,Male,27,Beauty,1,500,500
806,7/11/2023,CUST806,Female,33,Clothing,1,500,500
807,7/11/2023,CUST807,Female,24,Electronics,2,25,50
808,28/2/2023,CUST808,Male,34,Clothing,2,25,50
809,25/3/2023,CUST809,Female,40,Clothing,1,25,25
810,9/6/2023,CUST810,Male,43,Clothing,4,50,200
811,25/2/2023,CUST811,Male,38,Electronics,3,300,900
812,24/10/2023,CUST812,Male,39,Beauty,3,25,75
813,14/1/2023,CUST813,Female,24,Beauty,3,25,75
814,9/6/2023,CUST814,Female,31,Electronics,4,30,120
815,22/10/2023,CUST815,Male,32,Clothing,1,50,50
816,13/12/2023,CUST816,Male,24,Electronics,2,25,50
817,12/7/2023,CUST817,Male,26,Electronics,1,30,30
818,23/7/2023,CUST818,Male,25,Electronics,4,500,2000
819,12/4/2023,CUST819,Female,40,Clothing,2,25,50
820,8/2/2023,CUST820,Female,46,Electronics,4,25,100
821,31/10/2023,CUST821,Male,35,Clothing,3,30,90
822,20/12/2023,CUST822,Male,48,Electronics,3,50,150
823,18/11/2023,CUST823,Female,47,Beauty,4,25,100
824,5/5/2023,CUST824,Female,56,Electronics,2,500,1000
825,22/2/2023,CUST825,Male,52,Electronics,2,25,50
826,23/12/2023,CUST826,Male,35,Beauty,1,500,500
827,4/6/2023,CUST827,Male,59,Clothing,3,300,900
828,17/12/2023,CUST828,Female,56,Clothing,1,300,300
829,4/11/2023,CUST829,Female,34,Electronics,1,500,500
830,3/3/2023,CUST830,Female,31,Beauty,4,50,200
831,17/10/2023,CUST831,Male,48,Clothing,4,25,100
832,22/1/2023,CUST832,Male,41,Electronics,1,25,25
833,27/6/2023,CUST833,Female,52,Beauty,3,300,900
834,30/9/2023,CUST834,Female,61,Clothing,4,500,2000
835,8/8/2023,CUST835,Male,62,Clothing,1,25,25
836,5/12/2023,CUST836,Female,51,Beauty,1,25,25
837,17/10/2023,CUST837,Female,36,Clothing,0,,
838,9/7/2023,CUST838,Female,20,Beauty,1,50,50
839,5/2/2023,CUST839,Male,54,Beauty,1,30,30
840,17/9/2023,CUST840,Female,60,Beauty,1,300,300
841,28/11/2023,CUST841,Male,57,Electronics,1,300,300
842,24/6/2023,CUST842,Male,43,Beauty,4,30,120
843,7/1/2023,CUST843,Male,40,Clothing,3,25,75
844,4/8/2023,CUST844,Male,61,Clothing,1,50,50
845,8/9/2023,CUST845,Male,56,Electronics,2,50,100
846,24/2/2023,CUST846,Male,32,Clothing,4,300,1200
847,10/8/2023,CUST847,Male,21,Clothing,4,50,200
848,5/7/2023,CUST848,Female,46,Beauty,1,30,30
849,22/11/2023,CUST849,Male,39,Clothing,4,25,100
850,24/8/2023,CUST850,Male,42,Electronics,1,30,30
851,29/12/2023,CUST851,Female,30,Beauty,3,500,1500
852,20/3/2023,CUST852,Female,35,Beauty,3,300,900
853,5/9/2023,CUST853,Female,1,Beauty,5,-20,-100
854,11/8/2023,CUST854,Female,50,Electronics,4,50,200
855,1/4/2023,CUST855,Male,33,Beauty,4,500,2000
856,25/9/2023,CUST856,Female,62,Beauty,2,50,100
857,30/11/2023,CUST857,Male,59,Electronics,4,25,100
858,19/5/2023,CUST858,Male,61,Beauty,2,25,50
859,12/11/2023,CUST859,Male,19,Electronics,3,25,75
860,3/10/2023,CUST860,Male,52,Electronics,3,50,150
861,5/9/2023,CUST861,Female,59,Clothing,1,500,500
862,27/8/2023,CUST862,Female,51,Clothing,3,25,75
863,12/8/2023,CUST863,Male,47,Beauty,2,500,1000
864,31/10/2023,CUST864,Male,30,Beauty,4,50,200
865,18/5/2023,CUST865,Male,30,Electronics,1,500,500
866,15/6/2023,CUST866,Female,35,Beauty,2,50,100
867,6/5/2023,CUST867,Male,49,Electronics,4,50,200
868,14/2/2023,CUST868,Male,49,Electronics,1,300,300
869,23/5/2023,CUST869,Female,52,Beauty,3,50,150
870,19/8/2023,CUST870,Female,56,Electronics,2,50,100
871,5/5/2023,CUST871,Male,63,Clothing,4,30,120
872,26/8/2023,CUST872,Female,46,Beauty,1,25,25
873,19/10/2023,CUST873,Female,46,Clothing,1,300,300
874,9/11/2023,CUST874,Male,61,Beauty,3,300,900
875,9/12/2023,CUST875,Female,33,Electronics,4,300,1200
876,14/7/2023,CUST876,Male,61,Beauty,3,30,90
877,22/6/2023,CUST877,Female,64,Clothing,3,50,150
878,15/1/2023,CUST878,Male,27,Electronics,4,25,100
879,11/9/2023,CUST879,Male,47,Beauty,4,500,2000
880,16/6/2023,CUST880,Male,42,Beauty,4,50,200
881,6/1/2023,CUST881,Male,,,,100,
882,4/4/2023,CUST882,Female,56,Beauty,2,30,60
883,7/9/2023,CUST883,Male,37,Clothing,4,50,200
884,19/4/2023,CUST884,Female,22,Clothing,1,50,50
885,1/7/2023,CUST885,Male,18,Beauty,3,30,90
886,13/5/2023,CUST886,Male,47,Electronics,2,300,600
887,24/6/2023,CUST887,Female,20,Electronics,4,300,1200
888,24/5/2023,CUST888,Male,62,Clothing,2,25,50
889,2/11/2023,CUST889,Male,31,Electronics,4,25,100
890,26/12/2023,CUST890,Female,47,Clothing,2,300,600
891,22/5/2023,CUST891,Male,21,Beauty,3,500,1500
892,12/10/2023,CUST892,Male,35,Clothing,3,50,150
893,6/1/2023,CUST893,Male,54,Clothing,1,500,500
894,22/9/2023,CUST894,Male,42,Beauty,1,50,50
895,8/4/2023,CUST895,Female,18,Electronics,4,300,1200
896,13/2/2023,CUST896,Female,63,Clothing,3,25,75
897,4/5/2023,CUST897,Male,32,Clothing,2,25,50
898,28/7/2023,CUST898,Female,26,Beauty,2,500,1000
899,8/9/2023,CUST899,Male,32,Electronics,2,25,50
900,12/10/2023,CUST900,Female,41,Clothing,1,300,300
901,4/5/2023,CUST901,Male,21,Beauty,2,500,1000
902,20/12/2023,CUST902,Male,29,Clothing,1,50,50
903,1/9/2023,CUST903,Male,54,Beauty,1,25,25
904,27/11/2023,CUST904,Male,54,Electronics,4,30,120
905,31/12/2023,CUST905,Male,60,Electronics,2,25,50
906,9/9/2023,CUST906,Male,23,Electronics,2,50,100
907,18/8/2023,CUST907,Female,56,Electronics,3,500,1500
908,9/1/2023,CUST908,Male,63,Clothing,4,50,200
909,17/2/2023,CUST909,Female,41,Clothing,3,30,90
910,1/9/2023,CUST910,,0,Electronics,,20,
911,31/5/2023,CUST911,Male,28,Electronics,4,300,1200
912,24/4/2023,CUST912,Female,30,Electronics,2,25,50
913,27/7/2023,CUST913,Female,51,Electronics,1,500,500
914,21/12/2023,CUST914,Female,42,Clothing,1,300,300
915,5/5/2023,CUST915,Male,24,Electronics,1,50,50
916,6/6/2023,CUST916,Male,21,Electronics,1,500,500
917,6/12/2023,CUST917,Female,25,Electronics,1,300,300
918,25/10/2023,CUST918,Male,37,Beauty,3,500,1500
919,8/7/2023,CUST919,Female,46,Electronics,4,30,120
920,31/8/2023,CUST920,Male,62,Beauty,2,30,60
921,11/10/2023,CUST921,Female,63,Beauty,3,25,75
922,29/9/2023,CUST922,Female,27,Electronics,4,25,100
923,26/6/2023,CUST923,Male,60,Beauty,1,30,30
924,6/8/2023,CUST924,Female,51,Electronics,4,500,2000
925,9/10/2023,CUST925,Male,43,Clothing,4,30,120
926,19/6/2023,CUST926,Female,58,Clothing,1,25,25
927,30/6/2023,CUST927,Female,20,Clothing,1,30,30
928,26/12/2023,CUST928,Male,23,Clothing,1,30,30
929,21/8/2023,CUST929,Male,22,Beauty,2,500,1000
930,19/5/2023,CUST930,Male,22,Electronics,1,300,300
931,6/6/2023,CUST931,Female,64,Electronics,2,25,50
932,9/5/2023,CUST932,Male,40,Electronics,1,500,500
933,29/4/2023,CUST933,Female,26,Clothing,2,30,60
934,3/3/2023,CUST934,Female,52,Clothing,4,30,120
935,9/4/2023,CUST935,Male,37,Electronics,3,300,900
936,11/6/2023,CUST936,Male,59,Clothing,4,25,100
937,3/3/2023,CUST937,Female,52,Electronics,4,25,100
938,2/10/2023,CUST938,Female,35,Electronics,1,50,50
939,20/12/2023,CUST939,Male,34,Electronics,2,25,50
940,5/4/2023,CUST940,Male,41,Electronics,3,300,900
941,9/4/2023,CUST941,Male,20,Electronics,1,50,50
942,21/4/2023,CUST942,Male,49,Electronics,1,50,50
943,5/9/2023,CUST943,Male,52,Electronics,1,30,30
944,22/5/2023,CUST944,Female,55,Clothing,4,30,120
945,29/10/2023,CUST945,Female,30,Electronics,2,25,50
946,26/9/2023,CUST946,Female,64,Electronics,2,50,100
947,2/11/2023,CUST947,Female,42,Clothing,3,30,90
948,25/5/2023,CUST948,Male,26,Clothing,2,300,600
949,21/2/2023,CUST949,Male,21,Clothing,2,30,60
950,10/4/2023,CUST950,Male,31,Electronics,1,30,30
951,1/6/2023,CUST951,Female,54,Beauty,1,50,50
952,27/4/2023,CUST952,Female,51,Beauty,4,50,200
953,4/7/2023,CUST953,Male,28,Clothing,1,500,500
954,2/4/2023,CUST954,Male,58,Beauty,1,300,300
955,4/6/2023,CUST955,Female,20,Clothing,1,50,50
956,8/1/2023,CUST956,Female,45,Electronics,1,25,25
957,29/12/2023,CUST957,Male,46,Beauty,4,300,1200
958,1/10/2023,CUST958,Male,26,Electronics,1,300,300
959,6/3/2023,CUST959,Female,20,Beauty,3,50,150
960,21/5/2023,CUST960,Male,42,Electronics,3,300,900
961,24/1/2023,CUST961,Male,51,Beauty,3,50,150
962,28/1/2023,CUST962,Male,29,Electronics,3,30,90
963,11/10/2023,CUST963,Female,59,Electronics,1,500,500
964,30/5/2023,CUST964,Female,26,Beauty,3,30,90
965,24/12/2023,CUST965,Female,32,Electronics,1,50,50
966,6/3/2023,CUST966,Female,57,Electronics,4,50,200
967,23/11/2023,CUST967,Female,42,Electronics,3,30,90
968,9/9/2023,CUST968,Female,22,Beauty,2,25,50
969,22/2/2023,CUST969,Female,28,Beauty,3,25,75
970,7/1/2023,CUST970,Male,51,Electronics,3,25,75
971,21/10/2023,CUST971,Male,41,Electronics,1,50,50
972,26/5/2023,CUST972,Male,32,Beauty,3,300,900
973,29/8/2023,CUST973,Male,55,Beauty,2,50,100
974,3/9/2023,CUST974,Male,25,Electronics,1,300,300
975,14/8/2023,CUST975,Male,22,Electronics,1,30,30
976,24/6/2023,CUST976,Male,43,Electronics,4,500,2000
977,5/4/2023,CUST977,Female,35,Clothing,4,300,1200
978,27/1/2023,CUST978,Female,23,Beauty,3,25,75
979,10/5/2023,CUST979,Male,54,Clothing,4,50,200
980,2/9/2023,CUST980,Male,30,Beauty,4,30,120
981,28/2/2023,CUST981,Female,45,Beauty,4,25,100
982,3/2/2023,CUST982,Male,22,Beauty,1,30,30
983,25/7/2023,CUST983,Male,30,Beauty,1,500,500
984,9/9/2023,CUST984,Female,34,Beauty,1,50,50
985,7/2/2023,CUST985,Male,57,Beauty,4,50,200
986,23/10/2023,CUST986,Female,62,Beauty,1,500,500
987,19/11/2023,CUST987,Male,49,Clothing,4,50,200
988,18/12/2023,CUST988,Female,46,Electronics,1,300,300
989,28/1/2023,CUST989,Female,20,Electronics,1,30,30
990,19/3/2023,CUST990,Female,57,Clothing,2,25,50
991,18/3/2023,CUST991,Male,51,Clothing,3,500,1500
992,16/10/2023,CUST992,Female,57,Clothing,4,300,1200
993,5/6/2023,CUST993,Male,44,Clothing,2,25,50
994,13/2/2023,CUST994,Male,30,Beauty,1,25,25
995,8/5/2023,CUST995,Male,62,Electronics,4,500,2000
996,2/3/2023,CUST996,Male,50,Beauty,1,300,300
997,13/10/2023,CUST997,Female,23,Electronics,3,25,75
998,2/8/2023,CUST998,Female,41,Electronics,2,25,50
999,7/11/2023,CUST999,Male,36,Clothing,3,300,900
1000,2/11/2023,CUST1000,Male,33,Beauty,2,50,100
1001,13/11/2023,CUST1001,Female,57,Clothing,1,25,25
1002,26/4/2023,CUST1002,Male,45,Beauty,3,30,90
1003,25/9/2023,CUST1003,Female,50,Electronics,3,300,900
1004,14/7/2023,CUST1004,Male,58,Clothing,1,25,25
1005,19/8/2023,CUST1005,Male,30,Clothing,3,500,1500
1006,15/8/2023,CUST1006,Female,60,Electronics,4,30,120
1007,2/6/2023,CUST1007,Male,62,Electronics,2,25,50
1008,16/5/2023,CUST1008,Female,60,Electronics,5,10,-500
1009,29/10/2023,CUST1009,Female,42,Electronics,2,30,60
1010,8/8/2023,CUST1010,Male,59,Clothing,2,30,60
1011,6/6/2023,CUST1011,Male,53,Beauty,4,50,200
1012,19/10/2023,CUST1012,Male,44,Clothing,2,30,60
1013,14/11/2023,CUST1013,Female,55,Beauty,1,50,50
1014,31/1/2023,CUST1014,Male,24,Clothing,3,300,900
1015,9/11/2023,CUST1015,Male,22,Clothing,4,50,200
1016,20/2/2023,CUST1016,Male,60,Electronics,2,500,1000
1017,17/4/2023,CUST1017,Male,62,Beauty,1,25,25
1018,17/11/2023,CUST1018,Female,48,Clothing,3,300,900
1019,19/4/2023,CUST1019,Female,40,Clothing,3,300,900
1020,16/5/2023,CUST1020,Male,59,Electronics,4,500,2000
1021,5/12/2023,CUST1021,Female,27,Electronics,4,50,200
1022,11/2/2023,CUST1022,Male,49,Beauty,4,25,100
1023,22/3/2023,CUST1023,Male,60,Clothing,1,50,50
1024,3/5/2023,CUST1024,Male,47,Beauty,1,30,30
1025,30/3/2023,CUST1025,Female,56,Clothing,4,50,200
1026,10/10/2023,CUST1026,Female,48,Beauty,2,300,600
1027,8/2/2023,CUST1027,Female,35,Electronics,3,25,75
1028,22/3/2023,CUST1028,Female,53,Clothing,3,50,150
1029,2/1/2023,CUST1029,Female,19,Beauty,1,25,25
1030,29/7/2023,CUST1030,Female,31,Electronics,3,25,75
1031,19/8/2023,CUST1031,Female,30,Electronics,2,30,60
1032,19/12/2023,CUST1032,Female,46,Beauty,3,30,90
1033,1/11/2023,CUST1033,Female,29,Clothing,1,300,300
1034,29/8/2023,CUST1034,Male,56,Clothing,1,500,500
1035,30/5/2023,CUST1035,Female,19,Electronics,2,25,50
1036,17/1/2023,CUST1036,Female,49,Clothing,2,500,1000
1037,29/4/2023,CUST1037,Female,30,Clothing,3,300,900
1038,28/5/2023,CUST1038,Female,63,Clothing,3,25,75
1039,28/12/2023,CUST1039,Female,44,Electronics,1,25,25
1040,25/5/2023,CUST1040,Female,58,Beauty,2,500,1000
1041,26/12/2023,CUST1041,Female,34,Clothing,2,50,100
1042,21/8/2023,CUST1042,Female,57,Electronics,2,30,60
1043,6/2/2023,CUST1043,Female,48,Electronics,3,50,150
1044,18/12/2023,CUST1044,Female,51,Beauty,2,500,1000
1045,30/4/2023,CUST1045,Female,41,Clothing,1,30,30
1046,16/5/2023,CUST1046,Male,62,Clothing,1,50,50
1047,17/11/2023,CUST1047,Male,52,Beauty,3,30,90
1048,29/10/2023,CUST1048,Female,23,Beauty,4,25,100
1049,5/12/2023,CUST1049,Female,36,Electronics,3,50,150
1050,12/4/2023,CUST1050,Male,47,Electronics,4,30,120
